{"cameraMode":{"drawMode":0,"name":"Shaded","section":"Shading Mode"},"sceneLighting":false,"audioPlay":false,"sceneViewState":{"m_AlwaysRefresh":false,"showFog":true,"showSkybox":false,"showFlares":true,"showImageEffects":true,"showParticleSystems":true,"showVisualEffectGraphs":true,"m_FxEnabled":true},"in2DMode":false,"pivot":{"x":-0.051625192165374759,"y":1.5206799507141114,"z":-0.6600000858306885},"rotation":{"x":0.10710776597261429,"y":-0.3666037321090698,"z":0.04253198951482773,"w":0.9232124090194702},"size":2.3043837547302248,"orthographic":false}