{"cameraMode":{"drawMode":0,"name":"Shaded","section":"Shading Mode"},"sceneLighting":true,"audioPlay":false,"sceneViewState":{"m_AlwaysRefresh":false,"showFog":true,"showSkybox":true,"showFlares":true,"showImageEffects":true,"showParticleSystems":true,"showVisualEffectGraphs":true,"m_FxEnabled":true},"in2DMode":false,"pivot":{"x":0.08580684661865235,"y":17.453641891479493,"z":-26.091411590576173},"rotation":{"x":0.056961625814437869,"y":-0.014974649995565415,"z":0.0008517521782778204,"w":0.9982550740242004},"size":12.636523246765137,"orthographic":true}